t,q1,q2,q3,q4,q5,q6,v1,v2,v3,v4,v5,v6,R,VB,p,qterminal,e4,e5,cost
0.0,0.0,0.0,0.0,0.0,0.0,0.0,0.0,0.0,0.0,0.0,0.0,-0.149,0.0,0.0,0.0,0.0,-0.08691032864263414,1.1874814337019284e-9,0.00472087826548167
0.01,2.1044966257739557e-7,1.88853600170748e-7,7.113849006895195e-8,-3.223872122406123e-5,2.869998232546223e-7,-0.001257042052531564,6.44290660011493e-5,5.657428592552323e-5,2.1618522223120686e-5,-0.00598966687851223,8.499979475447854e-5,-0.10495150641646053,3.467773282274844e-5,2.0932840941314668e-6,2.8708226550796393e-5,7.176978681385468e-5,-0.06298840130081598,-0.000813175954935204,0.00248022034431554
0.02,1.779290921260142e-6,1.5043018802085668e-6,5.903503747816531e-7,-0.0001121201231647523,2.21093441497147e-6,-0.002141729321823536,0.00027572752183303465,0.00022499579190297722,9.058668005688373e-5,-0.009667367247841565,0.00032342134905834034,-0.07376728041938953,5.334536625546047e-5,5.4581599788724964e-6,7.486893641430741e-5,0.00018716290917808142,-0.046983959457386835,-0.0016452836810885094,0.0013817650546189377
0.03,6.281292328526897e-6,5.0552784053561435e-6,2.0581876278706916e-6,-0.0002202405205741914,7.193643670352738e-6,-0.002762298695386748,0.00065367431928351,0.0005033746052079578,0.00021211169482001515,-0.011734405694415091,0.000693423838050476,-0.05159452866435888,6.412935973375584e-5,8.058981709164176e-6,0.00011061452734935645,0.0002764999001468321,-0.03650791926551021,-0.002490683819307306,0.0008377895332916008
0.04,1.545060769460591e-5,1.1932446050976937e-5,5.021471760507627e-6,-0.00034308738260722797,1.6456460639568786e-5,-0.003194576256484843,0.001210803766835856,0.0008899548203472518,0.0003902709768950565,-0.012680292339856673,0.0011766371465640984,-0.035735405413510724,7.099618940479595e-5,9.44960635596833e-6,0.00012991640068992346,0.00032470251689940783,-0.02988798997242709,-0.003344883879558011,0.0005669138101143444
0.05,3.112001074390405e-5,2.3209739325731652e-5,1.0062881682418673e-5,-0.00047125844729485,3.1051838640757186e-5,-0.003491692469337674,0.0019546106222821094,0.0013831506479238741,0.0006281857431982229,-0.012846379371697551,0.0017575657334496881,-0.024300689964865795,7.592219360053244e-5,9.771178881411057e-6,0.00013482937332642294,0.000336906146760435,-0.025953696431576564,-0.004204310779661224,0.00043459357337130767
0.06,5.517866856134938e-5,3.994615486505318e-5,1.7792171309155943e-5,-0.0005982160759334929,5.188957287527427e-5,-0.003690884213984121,0.0028890921034380175,0.001981561543915435,0.0009281734751254303,-0.012470404782108169,0.0024230998400725555,-0.015967320729765345,7.993144587508397e-5,9.326912055522078e-6,0.00012964675911358641,0.0003238464815330072,-0.023885872800235446,-0.005066131768739839,0.00037632716394947686
0.07,8.954287691343635e-5,6.318762287856564e-5,2.883881023993731e-5,-0.000719416249270156,7.975858349995338e-5,-0.0038182572751700055,0.004015825796678786,0.0026839743546055615,0.0012918802970546394,-0.011717669703552785,0.0031621135574989878,-0.009808640393845016,8.358978098675932e-5,8.417211997698861e-6,0.00011862807810269597,0.00029617725437822303,-0.02311129294233548,-0.005928112667009246,0.00036086512094941735
0.08,0.00013613585421556778,9.396885804726243e-5,4.384585449296792e-5,-0.0008316997753653494,0.00011534504472939545,-0.0038921209046890756,0.005334722760100343,0.0034893577703098643,0.001720394921417947,-0.0107028583879978,0.003965133544019658,-0.005175546881120573,8.723892212709782e-5,7.2875622278180456e-6,0.00010527631284988542,0.0002626620103779487,-0.02322890131444913,-0.006788504959661974,0.0003726877367784182
0.09,0.00019687386258490153,0.00013331513170648438,6.346487224396011e-5,-0.0009328670014002216,0.00015924749879065426,-0.0039253226586566745,0.006844553335757844,0.004396852593183231,0.0022143460157787297,-0.009505307555404413,0.004824065346760408,-0.001613284051753557,9.110718350590945e-5,6.121864763152058e-6,9.224138346637306e-5,0.00022993175820980324,-0.023958167535639167,-0.0076459548264456775,0.00040371583148959497
0.1,0.00027365674462562147,0.00018224393542906912,8.835176848880735e-5,-0.0010213809306138084,0.0002119894766822311,-0.003926883298654423,0.008543313932850112,0.005405760037874099,0.002773984950701935,-0.008179690084161221,0.00573196687890026,0.0011968157792638951,9.53619693785971e-5,5.051582744955573e-6,8.14424571544563e-5,0.00020279002397840658,-0.0251029298399432,-0.008499430202189504,0.0004494176512177258
0.11,0.00036836153874715934,0.00024176652389349911,0.00011916337185746936,-0.0010961601739814708,0.000274030053732788,-0.003903141642893605,0.010428482565391948,0.00651552947486224,0.003399255772305766,-0.006763488702356257,0.00668286063689142,0.003478120209920692,0.00010013501861190376,4.1683527773096014e-6,7.423931397126865e-5,0.0001846407902301427,-0.02652608237799004,-0.009348161663571223,0.0005069922897126482
0.12,0.00048283823772009076,0.00031288933618985325,0.00015655466450228086,-0.0011564347376069757,0.0003457726916563501,-0.0038585563117441908,0.0124971965916252,0.0077257464775132775,0.0040898541246860865,-0.005282222758075491,0.007671577752649521,0.0053872547210348475,0.00010553495489721307,3.5354797233628817e-6,7.158933606966127e-5,0.0001778806651316736,-0.028131854285451816,-0.01019159426031753,0.0005745246840895968
0.13,0.0006189070364802263,0.0003966153011329649,0.00020117655262915827,-0.0012016457476677416,0.00042757265675561054,-0.0037962672458241803,0.014746376064240476,0.009036121632590958,0.004845276701494092,-0.0037531022910535436,0.008693628342137757,0.007034097920924637,0.00011165392354631205,3.1970286716600097e-6,7.417211676620534e-5,0.00018421021375574357,-0.029853403730149566,-0.01102934876158056,0.0006505903284255895
0.14,0.0007783566120772556,0.0004939450356295682,0.00025367408995842776,-0.0012313758859618684,0.0005197432536940195,-0.003718489023655187,0.0171728090763742,0.010446480366420506,0.005664862599915584,-0.0021875814176828753,0.009745093565716446,0.008495781850966062,0.00011857143844176172,3.1845202981500687e-6,8.248151828428083e-5,0.00020486398099398546,-0.031644133268508956,-0.011861189331620992,0.0007340658755704795
0.15,0.0009629431164462722,0.0006058779468210576,0.0003146850794631142,-0.001245301279243559,0.0006225610724187509,-0.0036267864066856065,0.01977321056749828,0.011956753882446615,0.006547827802535883,-0.0005931414483915246,0.010822535659153332,0.009826495076928211,0.00012635686346800794,3.521652560983582e-6,9.689081224462161e-5,0.00024077326243782137,-0.033471609686382575,-0.012686997658369031,0.0008240332244376634
0.16,0.0011743896591032213,0.0007334132490859737,0.00038483899003697247,-0.001243158364921085,0.0007362704123580169,-0.0035222674175152467,0.022544262611895866,0.013566971185104602,0.007493293857940516,0.0010254649418769814,0.01192292286987368,0.011064347187903365,0.00013507117493958466,4.227532854957965e-6,0.00011769743974696117,0.00029267794673711256,-0.03531330815121428,-0.013506751452582896,0.0009197261480963278
0.17,0.0014143861243052706,0.0008775509066320162,0.0004647561347130708,-0.0012247212011774601,0.0008610870196624696,-0.003405718670216916,0.02548264179973148,0.015277252166033374,0.008500311640048875,0.002665346585509196,0.013043566758648805,0.012236175863303283,0.0001447683014466903,5.31884012810904e-6,0.00014515308428063802,0.0003612016510445615,-0.037153633167025135,-0.014320506618033404,0.0010204967550183908
0.18,0.0016845892144036507,0.0010392925117987282,0.0005550470653062142,-0.001189786051522468,0.0009972012504444727,-0.0032777002594597125,0.02858503763693724,0.01708780164024805,0.009567881001823212,0.004324870378926339,0.014182069777924394,0.013360913445537043,0.00015549618309073176,6.81124231022785e-6,0.0001794834873577729,0.00044690121750771814,-0.03898183283710133,-0.0151283833358389,0.0011257918512073872
0.19,0.0019866226440981463,0.001219642108121019,0.0006563121458049483,-0.0011381610270138089,0.0011447807537617873,-0.0031386123258233837,0.031848164705786365,0.018998904249649055,0.010694966965236308,0.006003242206642932,0.015336281386340066,0.014451944925976503,0.00016729762466220313,8.720306987932299e-6,0.0002209012552484907,0.0005502986879980294,-0.040790539428841525,-0.015930553563735964,0.0012351349028461224
0.2,0.0023220774333679514,0.001419606966348916,0.0007691412727289707,-0.001069659236645344,0.0013039727524775508,-0.0029887417814743245,0.03526877050389365,0.021010920132433806,0.011880513014288737,0.007700216704893872,0.016504261284435662,0.015518759743757157,0.0001802109880005083,1.1062073254577602e-5,0.00026961395601041567,0.0006719015031597307,-0.04257474791457261,-0.01672723175016917,0.0013481117111655836
0.21,0.002692512262949321,0.0016401983205781966,0.0008941137159655325,-0.000984094363262443,0.0014749059870049347,-0.00282829513677549,0.03884364030012681,0.02312428125996776,0.013123451973176664,0.009415897011206237,0.017684248578645593,0.016568109112416032,0.00019427075529986992,1.3853400432377579e-5,0.00032582909553303886,0.0008122148967928662,-0.0443311009381671,-0.017518666617242783,0.0014643588228753378
0.22,0.003099453867479729,0.0018824320707365716,0.0010317980579869735,-0.0008812779091572268,0.0016576923760321808,-0.002657421587469683,0.04256959994080451,0.025339488359320463,0.014422714858897836,0.011150597318193274,0.018874635869938716,0.01760481709773654,0.00020950798807221796,1.7112172010724716e-5,0.00038975705197030665,0.0009717491838507238,-0.04605738837099078,-0.018305134328839505,0.001583554153412564
0.23,0.003544397449266651,0.002147329456841322,0.0011827522129843413,-0.000761017584090913,0.0018524284394697832,-0.0024762292752185926,0.04644351725797738,0.027657108326747858,0.01577723807527696,0.01290474920463628,0.020073947470651072,0.018632349233731357,0.00022595070198636437,2.0857407162179634e-5,0.00046161269360119343,0.0011510237548379946,-0.04775219764320846,-0.019086933661206257,0.001705409496260826
0.24,0.004028807101096951,0.0024359177096158285,0.0013475235106846816,-0.0006231164683885975,0.002059196521156537,-0.002284796761313023,0.050462302532121264,0.030077772084105468,0.017185969181416044,0.014678838447161217,0.021280821057156316,0.01965321133387089,0.00024362417428949116,2.5109314408396155e-5,0.0005416161610885332,0.0013505689793868929,-0.049414668705456355,-0.019864380999866635,0.0018296644905113411
0.25,0.0045541162303007485,0.002749230681581577,0.0015266488318895204,-0.00046737269557840507,0.0022780658429832953,-0.0020831811421410753,0.0546229083232752,0.03260217279674864,0.018647871523512657,0.016473363015301987,0.022493992191375437,0.0206692293697703,0.00026255119756134665,2.9889310037719444e-5,0.000629993130823972,0.0015709268111437752,-0.05104432268728003,-0.020637806962072635,0.001956081857745269
0.26,0.005121727978905771,0.003088309461890266,0.0017206547854059474,-0.000293579477160088,0.0025090934165051294,-0.0018714238070828464,0.05892232888826437,0.03523106440831924,0.0201619278915372,0.018288805750335313,0.02371228124538016,0.0216817460401804,0.0002827522910058737,3.52200158915425e-5,0.000726974766130043,0.0018126506113134882,-0.05264094207606893,-0.0214075535344585,0.0020844436417221095
0.27,0.005733015636552187,0.0034542029779436904,0.001930057917412103,-0.00010152534679067467,0.002752324834158366,-0.001649554539767634,0.0633575993359296,0.037965260443578994,0.021727143392265204,0.02012561717612729,0.024934582325852158,0.022691758981718185,0.0003042458784023644,4.112524581244651e-5,0.0008327974890709318,0.002076304523135755,-0.05420448741960952,-0.022173971709532548,0.0022145482824757834
0.28,0.006389323044078166,0.003847968586189112,0.002155364946194291,0.0001090054607650614,0.0030077949582988954,-0.0014175944538808562,0.06792579461980644,0.04080563304466592,0.023342547657714856,0.0219842053009326,0.026159853870398573,0.023700018064081795,0.0003270484396719846,4.7629986677431016e-5,0.0009477026588397957,0.002362462612573255,-0.055735038061032444,-0.022937419186804774,0.0023462082337913823
0.29,0.0070919649865385,0.004270672654278044,0.0023970730161349484,0.0003382325540107028,0.0032755285235265635,-0.0011755581077902678,0.07262402844227012,0.04375311219673404,0.02500719651488683,0.023864930170451878,0.027387110659812464,0.024707094028568136,0.0003511746418767493,5.4760377604991564e-5,0.0010719362104202295,0.002671707909773802,-0.057232751727086625,-0.023698259253634443,0.0024792481817185533
0.3,0.007842227575010999,0.004723391136390447,0.0026556699661288608,0.0005863788918891958,0.0035555406650920256,-0.0009234550393018243,0.07744945211378822,0.04680868513201269,0.026720173211685964,0.025768101665615495,0.028615416991779205,0.025713427006900127,0.00037663745382358476,6.25436895605189e-5,0.0012057482868892862,0.003004631435003733,-0.05869783570561811,-0.02445685961910147,0.0026135035881569013
0.31,0.008641368616920107,0.005207210143294809,0.0029316346083459502,0.0008536702804270152,0.0038478373841359234,-0.0006612908898657532,0.08239925340153724,0.04997339587239921,0.028480589269487745,0.027693979450896033,0.029843880849994356,0.026719360943650107,0.0004034482478048938,7.100830660193165e-5,0.0013493928858359066,0.003361831260477938,-0.06013052692611829,-0.025213590828412527,0.0027488195234983658
0.32,0.00949061797487396,0.005723226508493565,0.0032254370140096683,0.001140334876496969,0.004152415958865141,-0.0003890682370129224,0.08747065538568553,0.053248344895373195,0.030287585051292743,0.0296427743508333,0.031071648889428594,0.02772516810774286,0.0004316168909519109,8.018370948224935e-5,0.0015031275316268698,0.0037439116376226794,-0.06153107736665006,-0.025968826385345218,0.0028850497291357698
0.33,0.010391177914156302,0.006272548351580606,0.0035375388035719982,0.0014466027102897668,0.004469265309123992,-0.00010678721854258777,0.09266091533664696,0.05663468891346194,0.03214033007357182,0.03161465063846035,0.032297902114681414,0.02873106664385434,0.0004611518281940692,9.010046195927699e-5,0.0016672129805082904,0.004151482207417158,-0.06289974519589103,-0.02672294158916968,0.0030220559138968753
0.34,0.01134422343913661,0.006856295639877539,0.0038683934389699974,0.0017727052336520388,0.00479836632080228,0.00018555399293115101,0.09796732362101303,0.06013364074588223,0.034038023121839206,0.03360972888236431,0.033521852149501874,0.02973723322659841,0.000492060158325809,0.00010079019995977262,0.0018419129624543185,0.004585157303740275,-0.06423678678673483,-0.02747631327517725,0.003159707055578293
0.35000000000000003,0.012350902618891454,0.007475600749205037,0.004218446516235461,0.0021188748987215605,0.005139692135369836,0.0004879588236732564,0.10338720263984155,0.06374646927177591,0.03597989221057417,0.03562808911444094,0.03474273798193669,0.03074381226485778,0.0005243477043487786,0.00011228562358667762,0.002027493960266663,0.005045555351104547,-0.06554245240844117,-0.02822931963543581,0.0032978789266124866
0.36,0.013412336902383306,0.008131609024566002,0.0045881360569992955,0.002485344769098174,0.005493208409021739,0.000800432011708088,0.10891790580040114,0.0674744994575583,0.03796519440883135,0.037669774159233685,0.03595982312691257,0.03175092266535509,0.0005580190788933814,0.00012462049196804322,0.0022242250274905513,0.005533298360791705,-0.06681698230026645,-0.028982340006764064,0.003436453611757999
0.37,0.014529621423521996,0.008825479341399153,0.004977892797793128,0.0028723481646609718,0.005858873545222884,0.0011229793782001494,0.11455681652207704,0.07131911244553925,0.03999321557231302,0.039734793010062004,0.03717239313213985,0.03275866287555152,0.0005930777454559632,0.00013782962083516034,0.0024323776441751805,0.006049011523039493,-0.068060604353779,-0.029735754777720377,0.0035753191365496565
0.38,0.01570382529644635,0.009558384668080823,0.005388140476100396,0.0032801183401165793,0.006236638903825279,0.00145560764276651,0.12030134727350723,0.07528174571004898,0.04206326997066706,0.041823124194975,0.03837975338478464,0.03376711469249192,0.0006295260757975324,0.0001519488828324393,0.0026522256115569668,0.00659332289803601,-0.06927353183922362,-0.03048994518036415,0.003714369081195425
0.39,0.016935991901338935,0.010331512630184619,0.0058192961124906226,0.0037088881968535296,0.006626448989506091,0.001798324272318772,0.12614893864193774,0.07936389325445914,0.04417469987600678,0.04393471906486994,0.03958122715365283,0.03477634620894902,0.0006673654041560847,0.0001670152103490503,0.0028840449826394166,0.007166863198198077,-0.0704559621771439,-0.03124529376379212,0.003853502307700162
0.4,0.018227139161070834,0.011146066077021047,0.006271770288253779,0.004158890027294858,0.007028241621704945,0.0021511373560036073,0.13209705842953123,0.08356710586731578,0.04632687507844751,0.046069505000762415,0.040776153849871266,0.03578641412295374,0.0007065960782935977,0.00018306660095460288,0.003128114030871213,0.007770265667263883,-0.07160807521025372,-0.032002183996451564,0.00399262260326007
0.41000000000000003,0.019578259808939572,0.01200326365087943,0.00674596741812821,0.0046303552907987116,0.007441948088044351,0.002514055500860417,0.13814320077506784,0.08789299140913831,0.04851919238869122,0.04822738851638164,0.041963887449076795,0.036797365593819506,0.0007472175077509589,0.00020014212531167954,0.0033847132545553054,0.008404166050290133,-0.07273003292045141,-0.032761000805520496,0.004131638496749919
0.42,0.020990321647746276,0.012904340359413798,0.007242286017750669,0.005123514419992086,0.007867493282803924,0.002887087744332765,0.14428488529984976,0.0923432151511383,0.050751075083865275,0.05040825823970027,0.043143795081435975,0.03780923977571927,0.0007892282095249021,0.0002182819375460748,0.003654125418081647,0.009069202657278994,-0.0738219776983362,-0.03352213033234909,0.004270462915342376
0.43,0.022464267800432817,0.013850548151562688,0.00776111896556531,0.005638596656374455,0.008304795831906275,0.0032702434808179384,0.15051965627311123,0.09691950014245754,0.05302197235469592,0.0526119877873708,0.04431525574243902,0.038822069102331186,0.0008326258512216911,0.00023752728809310774,0.00393663562945937,0.009766016519101231,-0.07488403199268417,-0.034285960395518816,0.0044090130048628304
0.44,0.024001016952463042,0.014843156497345264,0.008302853759040362,0.006175829914114031,0.008753768205635963,0.00366353240011234,0.1568450817953629,0.1016236276232751,0.05533135871444062,0.054838438527156246,0.04547765911863045,0.039835880392225013,0.0008774072918527432,0.00025792053901643747,0.00423253145459474,0.010495251636792298,-0.0759162971429986,-0.035052880741898766,0.004547209875367557
0.45,0.02560146358611658,0.015883452971943803,0.008867872764981334,0.006735440670925925,0.009214316819968415,0.004066964436205098,0.16325875299667422,0.10645743745980023,0.05767873342155593,0.05708746223559945,0.046630404489384464,0.04085069581670185,0.0009235686204207758,0.000279505181783596,0.004542103067111154,0.011257555321160148,-0.07691885257408276,-0.0358232829372947,0.004684978368440515
0.46,0.02726647820682877,0.016972743844275332,0.009456553464015995,0.007317653885034678,0.009686342127497765,0.00448054972519661,0.16975828324762215,0.11142282861514376,0.06006361988038035,0.059358903655946524,0.04777289973757333,0.04186653376374741,0.000971105192275941,0.00030232585763471074,0.004865643437345892,0.012053578631720654,-0.0778917551582588,-0.03659756091263601,0.004822246885447568
0.47000000000000003,0.028996907561696664,0.018112354670440773,0.01006926868907251,0.007922692937227065,0.01016973869869925,0.004904298571449842,0.17634130738103249,0.11652175964728907,0.062485565048768954,0.06165260296002806,0.04890456040598168,0.04288340962322406,0.0010200116635072458,0.0003264283804583817,0.005203448557065451,0.01288397690623057,-0.07883503782018186,-0.03737611110529755,0.004958947132072707
0.48,0.030793574850241933,0.019303630892323932,0.010706386857867118,0.008550779597113645,0.010664395294139806,0.005338221421238189,0.18300548092085514,0.12175624924480066,0.06494413882761187,0.06396839813276443,0.050024808829710526,0.04390133650070129,0.0010702820232168832,0.000351859762411427,0.005555817704558885,0.013749410392366148,-0.07974870919097116,-0.038159332602428916,0.005095013974218453
0.49,0.03265727992749373,0.02054793844158365,0.011368272199434041,0.009202134012831743,0.011170194928259252,0.00578232884327752,0.1897484793176353,0.12712837677097236,0.06743893347759178,0.06630612727193891,0.05113307331469147,0.04492032588662909,0.00112190962397862,0.0003786682422166042,0.005923053748014675,0.014650544976192618,-0.08063275220296177,-0.03894762745438418,0.00523038521206361
0.5,0.03458879949944581,0.021846664349331663,0.012055284974687084,0.009876974723412323,0.011687014925171657,0.006236631515707995,0.19656799718716603,0.13264028284942733,0.06996956301579309,0.06866563082464355,0.052228787366509995,0.04594038827673537,0.0011748872103726044,0.00040690331636087805,0.00630546349038005,0.015588053015289038,-0.08148712311318859,-0.03974140103635612,0.0053650014102765
0.51,0.03658888731091124,0.023201217361716122,0.01276778169101584,0.01057551869318337,0.01221472696700353,0.006701140219107859,0.2034617475509728,0.13829416996691116,0.07253566262318337,0.07104675376096402,0.0533113889635971,0.04696153375764147,0.0012292069457447976,0.0004366157732663749,0.00670335805632167,0.016562614277922938,-0.0823117506569655,-0.040541062132966724,0.005498805738110244
0.52,0.03865827432578435,0.024613028561664196,0.013506115311017992,0.011297981367627491,0.012753197135120567,0.007175865835211474,0.21042746107705396,0.1440923030987926,0.07513688806214561,0.07344934769102764,0.0543803198627913,0.04798377256403321,0.0012848604373062412,0.0004678577305359934,0.007117053321919327,0.017574916989685437,-0.08310653461777506,-0.04134702331625283,0.005631743780967156
0.53,0.04079766889970368,0.026083551996951733,0.014270635455417497,0.012044576750150734,0.013302285944588765,0.007660819351078281,0.21746288531938776,0.1500370103493936,0.07777291509828936,0.07587327292909331,0.05543502493934231,0.04900711561375632,0.001341838759680122,0.000500682675402961,0.007546870388661363,0.018625658991322003,-0.08387134481707753,-0.0421597011136723,0.005763763395501607
0.54,0.04300775694509184,0.027614265314880756,0.015061688600116783,0.01281551749931285,0.013861848372224397,0.008156011868461346,0.22456578395272403,0.15613068363183844,0.08044343890590201,0.0783184005288429,0.05647495156828888,0.050031575008844864,0.0014001324767357437,0.0005351455087263716,0.007993136106434068,0.01971554901928287,-0.08460601987842742,-0.042979516063335374,0.0058948145486688065
0.55,0.04528920208851929,0.029206670403730425,0.01587961826746852,0.013611015046221475,0.014431733878566309,0.00866145461810516,0.23173393600344794,0.16237577934364014,0.08314817350569978,0.08078461427355488,0.05749954902216407,0.0510571645272979,0.001459731662137456,0.0005713025924631237,0.008456183642858776,0.020845308102149268,-0.08531036593117833,-0.043806893511882626,0.006024849214693892
0.56,0.0476426458203513,0.03086229404110763,0.016724765211879714,0.014431279731645813,0.01501178642401584,0.009177158978889948,0.23896513507405945,0.16877481907267514,0.0858868511922517,0.08327181263916784,0.058508267905855796,0.0520839000937932,0.0015206259185013837,0.0006092118009699085,0.008936353104344772,0.02201567108611197,-0.08598415515121492,-0.04464226318857663,0.0061538211915123505
0.5700000000000001,0.05006870763660027,0.032582688549441886,0.017597467599700673,0.015276520962656914,0.015601844479394118,0.009703136501590456,0.24625718856045914,0.17533039031576145,0.08865922196662113,0.08577991072996713,0.05950055961016885,0.05311180023865049,0.0015828043953914754,0.0006489325762456024,0.009433992208834053,0.02322738828917386,-0.08662712471618365,-0.045486059852102106,0.006281686049500784
0.58,0.05256798517290603,0.0343694324587255,0.01849806118346308,0.016146947388539494,0.016201741031201155,0.010239398937140176,0.2536079168595864,0.1820451472116304,0.09146505296895543,0.0883088422019968,0.0604758757988509,0.05414088653694954,0.0016462558060993883,0.0006905259874816978,0.009949457015371725,0.024481227296621534,-0.08723897476064468,-0.04633872336160055,0.00640840095429213
0.59,0.055141054330549104,0.0362241311766547,0.01942687947045045,0.0170427670958265,0.01681130358185251,0.0107859582692573,0.26101515256787056,0.1889218112880565,0.09430412791636884,0.09085856116784675,0.06143366790805477,0.05517118403935338,0.0017109684435471341,0.0007340547950004123,0.010483112709708498,0.025777974895468396,-0.08781936758677203,-0.04720069876719309,0.006533924645635022
0.6,0.05778846939439391,0.03814841766625936,0.020384253885701364,0.017964187822336657,0.01743035414507592,0.011342826751319408,0.2684767396695077,0.1959631722101881,0.09717624655051131,0.09342904408583033,0.06237338668848288,0.05620272169726906,0.0017769301953742037,0.0007795835189078567,0.011035334451234863,0.02711843916078294,-0.08836792545160363,-0.048072436762395795,0.006658217310214182
0.61,0.06051076314265342,0.04014395313112832,0.021370513929415445,0.01891141719010904,0.01805870923674969,0.011910016947401297,0.2759905327116934,0.20317208855170238,0.10008122406867537,0.096020291656022,0.0632944817487119,0.057235532766746734,0.0018441285582842346,0.000827178512808708,0.011606508282790171,0.02850345169739856,-0.08888422962115688,-0.04895439360488526,0.006781240578416228
0.62,0.06330844694835364,0.042212427708306306,0.02238598732874788,0.019884662957211537,0.018696179861420824,0.012487541777374557,0.28355439596943954,0.21055148856054476,0.1030188905690239,0.09863233069856547,0.06419640114510523,0.058269655217170015,0.0019125506520282813,0.0008769080427176415,0.012197032106710307,0.029933870045026394,-0.08936781811598662,-0.04984703136057963,0.006902957425959548
0.63,0.06618201087237635,0.04435556116891477,0.0234310001840057,0.02088413328838805,0.019342571494703562,0.013075414566004072,0.2911662025962588,0.21810437093258983,0.10598909049127554,0.1012652160435559,0.065078590972917,0.05930513212256623,0.0019821832330645683,0.00092884237161178,0.012807316729546945,0.0314105802524412,-0.08981818442358991,-0.05075081804039824,0.007023332201887687
0.64,0.06913192374794598,0.04657510362652703,0.0245058771091945,0.021910037044596715,0.01999768406192944,0.013673649095944368,0.29882383376251137,0.22583380559047145,0.10899168204342126,0.1039190324180985,0.06594049501780053,0.06034201205190843,0.0020530127081088874,0.0009830538499560541,0.013437786982229628,0.03293449963722181,-0.0902347755702323,-0.05166622786033012,0.007142330625470254
0.65,0.07215863325643145,0.04887283625326665,0.02561094136697677,0.02296258409145777,0.020661311913184006,0.01428225966459866,0.3065251777797837,0.2337429344522109,0.11202653664972101,0.10659389634361935,0.0667815543916542,0.061380349449472425,0.0021250251479870757,0.0010396170124194653,0.014088882912940512,0.034506579723752914,-0.09061699044920626,-0.052593741025181294,0.007259919806505356
0.66,0.07526256599432907,0.05125057200363964,0.026746514997891074,0.02404198562667911,0.02133324379501885,0.01490126114478064,0.31426812921236313,0.24183497220269193,0.11509353836838872,0.10928995803692798,0.0676012072254485,0.06242020501306727,0.0021982063018983304,0.0010986086812796224,0.014761061062377939,0.03612780938317648,-0.09096417785407238,-0.05353384420854922,0.007376068321951853
0.67,0.07844412753128414,0.05371015634602252,0.027912918943838103,0.025148454526613656,0.02201326281918054,0.015530669049075881,0.3220505879747739,0.2501132070565099,0.11819258331837501,0.11200740332634675,0.06839888837969398,0.0634616460640521,0.002272541612410929,0.0011601080768891875,0.015454795822726207,0.03779921817804791,-0.09127563479688933,-0.054487030081977667,0.007490746286199322
0.68,0.08170370245903148,0.05625346800168608,0.029110473165819092,0.026282205711958623,0.02270114642858151,0.016170499597939467,0.3298704584164655,0.25858100150315927,0.1213235790997412,0.11474645557681278,0.06917402918911097,0.06450474691351606,0.0023480162315703905,0.0012241969355703194,0.016170580884744372,0.03952187992216771,-0.09155060427995984,-0.0554537980602223,0.00760392549909606
0.6900000000000001,0.08504165443111476,0.05888241969127925,0.030339496755718596,0.027443456532811456,0.023396666360907866,0.016820769791399424,0.33772564839413366,0.2672417930492877,0.12448644419085214,0.11750737762737017,0.06992605723983089,0.06554958922508598,0.0024246150384514384,0.0012909596353849018,0.01690893077728351,0.04129691646575481,-0.09178827390458993,-0.056434653475579806,0.007715579603342917
0.7000000000000001,0.0884583261932701,0.06159895888854465,0.031600308042175104,0.028632427173153976,0.02409958861012257,0.0174814974843763,0.3456140683320746,0.27609909492340823,0.12768110736471597,0.12029047374178653,0.07065439616873646,0.06659626237322307,0.002502322658612043,0.001360483330186633,0.017670382502298434,0.043125501712993744,-0.09198777322659987,-0.057430108408350306,0.007825684285104165
0.71,0.09195403960435836,0.06440506858106372,0.03289322469039722,0.029849341074917705,0.024809673386188065,0.018152701465556385,0.3535336302717297,0.285156496779904,0.13090750705652415,0.12309609157489682,0.0713584655180404,0.06764486379505275,0.002581123485719443,0.0014328580925681502,0.01845549727388794,0.04500886589261778,-0.09214817248598214,-0.05844068072305813,0.007934217529642924
0.72,0.09552909564774421,0.06730276803783165,0.0342185637957403,0.031094425381773757,0.025526675073470805,0.018834401539768113,0.3614822469116212,0.29441766535225233,0.13416559075782944,0.12592462415086136,0.07203768061185263,0.06869549933954257,0.0026610017060210113,0.0015081770660255516,0.019264862361570666,0.046948300081329726,-0.0922684799903801,-0.05946689473684162,0.008041159918790331
0.73,0.09918377443303236,0.07029411358322653,0.03557664197103558,0.032367911402775604,0.026250342188216962,0.019526618613823567,0.36945783063950344,0.30388634508853424,0.13745531436258682,0.12877651185402544,0.0726914524876919,0.06974828361205457,0.002741941326030636,0.0015865366269785925,0.020099093046412882,0.04894516100084989,-0.09234764044758612,-0.060509280721336794,0.00814649499546601
0.74,0.10291833518809314,0.07338119937715284,0.03696777542739735,0.033670035095973744,0.02698041733539388,0.02022937478577603,0.3774582925579406,0.3135663587386521,0.1407766415234997,0.13165224443440707,0.07331918785778446,0.07080334031148001,0.002823926204088748,0.0016680365571295017,0.020958834692627756,0.0510008760943523,-0.09238453281858472,-0.061568374612606405,0.008250209653481626
0.75,0.10673301624132739,0.07656615820081787,0.03839228004843567,0.035001037572095085,0.027716637165568672,0.020942693437558328,0.3854815415070739,0.3234616078997924,0.14412954297560374,0.13455236301519075,0.07392028913058431,0.07186080256835921,0.0029069400864291553,0.0017527802266532992,0.02184476494083317,0.05311694889691468,-0.0923779684044364,-0.06264471802817864,0.008352294651643452
0.76,0.11062803499413838,0.0798511622477184,0.03985047145766785,0.03636116561843393,0.028458732332088846,0.021666599330892985,0.3935254830842028,0.333576073510027,0.14751399584676747,0.1374774621229384,0.07449415447408832,0.07292081326544138,0.0029909666482234192,0.00184087478906597,0.02275759603067963,0.05529496471838857,-0.09232668865250959,-0.0637388579178591,0.008452745135901694
0.77,0.1146035878836195,0.08323842391923557,0.041342665078949,0.037750672242955856,0.029206427449264178,0.022401118706479105,0.40158801866765376,0.34391381627706136,0.15092998295569784,0.14042819170204596,0.07504017793680895,0.07398352536897126,0.003075989540754821,0.0019324313878648885,0.02369807725231193,0.05753659663642166,-0.0922293633930778,-0.0648513460172554,0.008551561270124894
0.78,0.11865985033549455,0.08673019662427715,0.04286917618966876,0.03916981723863874,0.029959441052046204,0.02314627938637504,0.40966704444356833,0.35447897705193565,0.15437749206801116,0.14340525914948074,0.07555774963213281,0.07504910223545451,0.0031619924449753384,0.002027565376175263,0.024666997540950527,0.05984361183438177,-0.09208458888896093,-0.06598273877674736,0.008648748976188652
0.79,0.12279697670737064,0.09032877558220512,0.04443031996650081,0.04061886776811855,0.030717485557813347,0.023902110879447838,0.4177604504428727,0.365275777115763,0.15785651514924423,0.14640943133720408,0.07604625597533363,0.0761177179200641,0.0032489591327531354,0.002126396549541229,0.02566518821251711,0.062217878277973995,-0.09189088554358185,-0.06713359656086651,0.008744320653506854
0.8,0.12701510022242685,0.09403649862823232,0.046026411523558124,0.042098098968508836,0.031480267230886004,0.02466864448987135,0.4258661195923738,0.3763085183864577,0.16136704758566286,0.14944153662208617,0.07650508000246084,0.07718955747900545,0.003336873536556094,0.0022290493926603646,0.026693525849858145,0.06466137175337759,-0.09164669656822538,-0.06830448341211157,0.00883829616160652
0.81,0.13131433289369662,0.09785574702050928,0.04765776594249115,0.04360779457631021,0.03224748615058025,0.025445913428547448,0.4339819267825443,0.3875815835434106,0.16490908736457743,0.15250246685896005,0.07693360174291798,0.07826481724723534,0.0034257198284407555,0.0023356533409684102,0.0277529353464272,0.06717618328293684,-0.0913503857381206,-0.06949596620327847,0.008930703738700967
0.8200000000000001,0.13569476543914827,0.1017889462478262,0.04932469829444555,0.04514824757230553,0.03301883618337191,0.02623395292730421,0.4421057379613631,0.39909943603000014,0.16848263425021398,0.15559317937518696,0.07733119868910017,0.07934370512200377,0.003515482509694231,0.0024463430572960907,0.02884439310964957,0.06976452692280802,-0.09100023624010217,-0.07070861410803142,0.009021581187022272
0.8300000000000001,0.1401564671878507,0.10583856683688177,0.05102752365342952,0.04671976084607158,0.033794004960253456,0.027032800355850255,0.45023540925729727,0.4108666199549939,0.17208768890975942,0.15871469892879825,0.07769724634379,0.08042644082184927,0.0036061465120001586,0.0025612587246862852,0.02996893043352497,0.0724287479652366,-0.09059444843666725,-0.07194299759054529,0.009110976998802056
0.84,0.14469948597754329,0.11000712515790988,0.05276655710088371,0.04832264787994475,0.03457267385992139,0.027842495341221702,0.4583687861399419,0.4228877598685795,0.1757242520076899,0.16186811962716618,0.07803111886179176,0.08151325613650241,0.003697697311490496,0.0026805463558493437,0.03112763704389656,0.07517133155277618,-0.0901311388992656,-0.07319968788275384,0.009198951802343485
0.85,0.14932384804403512,0.11429718422736757,0.0545421137210584,0.0499572334519097,0.035354517998835086,0.02866307988968262,0.46650370262507684,0.435167560392984,0.1793923232810177,0.16505460680254594,0.07833218977251707,0.082604395157315,0.0037901210570236276,0.0028043581199662707,0.03232166482068838,0.07799491171389702,-0.08960833882796115,-0.07447925574878429,0.009285579789801542
0.86,0.15402955790291145,0.11871135450622267,0.05635450858685314,0.05162385435698501,0.03613920622916252,0.029494598510835808,0.4746379805335137,0.44771080570841454,0.1830919005573458,0.16827539882700485,0.0785998328398691,0.0837001144951256,0.0038834047138739634,0.002932852687586373,0.03355223170659204,0.08090228084232123,-0.08902399284472956,-0.07578227028763204,0.009370950325259782
0.87,0.15881659822412622,0.12325229469227379,0.0582040567357146,0.0533228601464866,0.036926401145740695,0.03033709834376832,0.48276942881080687,0.46052235887193055,0.18682297874905857,0.17153180887246064,0.07883342299924237,0.08480068346784807,0.003977536224441425,0.0030661955943633813,0.034820625803135566,0.08389639962100547,-0.08837595819086527,-0.07710929803272698,0.009455169774499759
0.88,0.16368492970015375,0.12792271250475687,0.0600910731352839,0.05505461388442072,0.037715759103106844,0.031190629285039715,0.49089584292058397,0.473607160955074,0.19058554880242387,0.17482522657885144,0.07903233744600356,0.08590638427680057,0.0040725046874639835,0.00320455962408569,0.03612820966044993,0.08698040740511015,-0.0876620036569726,-0.0784609013097941,0.009538363368102886
0.89,0.1686344909084739,0.1327253654593708,0.062015872638287055,0.05681949292016009,0.038506930244010106,0.032055244118266386,0.4990150043206409,0.48697022998475387,0.19437959660347645,0.17815711963347913,0.07919595683986147,0.08701751215505533,0.004168300557355563,0.0033481252117898903,0.03747642476348498,0.09015763306932155,-0.08687980943032703,-0.07983763718159215,0.009620677389340478
0.9,0.17366519816928064,0.13766306163165148,0.06397876992632336,0.05861788967640367,0.039299558540616154,0.032930998645038845,0.5071246800330546,0.5006166596713357,0.19820510184758483,0.1815290352494683,0.0793236666393997,0.08813437548278726,0.004264915865296121,0.0034970808676625135,0.03886679621958058,0.09343160633024968,-0.08602696626103248,-0.08124005521587116,0.009702281305607855
0.91,0.17877694539942435,0.14273866040647212,0.065980079442082,0.06045021245125852,0.040093281849891464,0.033817951816905445,0.5152226223229693,0.5145516179004608,0.2020620368551216,0.18494260151044173,0.07941485861334911,0.08925729588237,0.004362344463795245,0.003651623622114987,0.04030093764996831,0.09680606954874793,-0.08510097582241397,-0.08266869617483819,0.009783370305433432
0.92,0.1839696039637314,0.14795507321125875,0.06802011530947194,0.06231688623314407,0.04088773198487843,0.03471616586808274,0.5233065684981953,0.5287803449823877,0.20595036534253094,0.18839952858188794,0.07946893249509283,0.09038660827391459,0.00446058229654423,0.0038119594927620327,0.04178055628642259,0.10028499001356009,-0.08409925106377808,-0.08412408994013666,0.009864167909396546
0.93,0.1892430225249927,0.15331526423030378,0.07009919124128802,0.06421835352697614,0.04168253480327741,0.03562570644859764,0.5313742408449701,0.5433081516168382,0.20987004115555416,0.19190160976050397,0.079485297801253,0.09152266089801829,0.004559627695493363,0.003978303973611656,0.04330745827219448,0.10387257270247961,-0.0830191163057013,-0.08560675337090447,0.009944928716425196
0.9400000000000001,0.1945970268940492,0.15882225109729975,0.07221762043389074,0.06615507519001769,0.04247731031527825,0.03654664275742283,0.5394233467154822,0.5581404165715981,0.2138210069363294,0.1954507223463932,0.07946337586628228,0.09266581529876036,0.004659481706683218,0.004150882547148445,0.04488355417336036,0.1075732735346379,-0.08185780906096593,-0.08711718800564339,0.010025941485171639
0.9500000000000001,0.20003141988159126,0.1644791055630796,0.07437571544840577,0.06812753127540869,0.043271672812474904,0.03747904767528805,0.5474515787849924,0.5732825840388818,0.21780319276197535,0.19904882831049572,0.07940260202392113,0.09381644626862096,0.00476014844734473,0.004329931219169938,0.04651086468646783,0.11139181307691583,-0.08061248069298896,-0.08865587758765786,0.010107532243202506
0.96,0.20554598115343803,0.17028895413521702,0.07657378807797537,0.07013622188134258,0.044065231019908585,0.0384229978966614,0.5554566154945219,0.5887401606476812,0.22181651471659608,0.20269797474652165,0.0793024280491091,0.09497494174274995,0.004861635495351204,0.0045156970772828485,0.04819152655560077,0.1153331907355318,-0.07928019860604638,-0.09022328505478253,0.010190067655788882
0.97,0.21114046709126535,0.17625497868596982,0.0788121492004849,0.07218166800349325,0.04485758827340435,0.0393785740604869,0.5634361217007655,0.6045187121123824,0.22586087341865244,0.20640029406913663,0.07916232478214835,0.09614170265137056,0.004963954313685828,0.004708438872489728,0.04992779867760151,0.11940269937789919,-0.07785794884290598,-0.09181984997398293,0.010273958661645917
0.98,0.21681461066093907,0.182380417024681,0.08109110861636504,0.07426441238813161,0.045648342724528154,0.04034586087915451,0.5713877495508871,0.6206238594774105,0.22993615249721946,0.2101580039472608,0.07898178503361666,0.09731714271561807,0.0050671207110168336,0.004908427624518706,0.051722068403430355,0.12360594040293803,-0.07634263849204415,-0.09344598513299393,0.010359664138204893
0.99,0.22256812129081666,0.1886685634305526,0.08341097487088445,0.07638502038310035,0.04643708757560882,0.04132494726516653,0.5793091396048353,0.6370612749352729,0.23404221702686923,0.21397340693945244,0.07876032668774702,0.09850168818904578,0.005171155340904025,0.005115947250209853,0.05357685801193685,0.12794883919876854,-0.07473109919564164,-0.0951020731247807,0.010447694828507353
1.0,0.22840068476259948,0.19512276914135632,0.08577205506049176,0.07854408078354488,0.04722341134734807,0.04231592645493596,0.5871979222270315,0.6538366771947469,0.23817891189342855,0.21784888980435343,0.07849749612794851,0.09969577754260446,0.005276084240542763,0.0053312952150768415,0.0554948313579966,0.13243766099093185,-0.07302009126454362,-0.09678846254336071,0.0105386174121053
