"path","bytes","sha256"
"snapshots\current_exact\ChristoffelPower.lean","3983","7546f38946f67bb3dfe6cca27c97b007c5320a9fbf4059d58742005f4f707c7c"
"snapshots\current_exact\PotentialSlice.lean","3707","25e9ebe489b4f819f56e7334693d1d808e6ebd234139f659b14eb67125b846e7"
"snapshots\current_exact\reference.json","78001","26ca4f2d80e1237e3d3e87a6a9f11c62abe9304cfe006409ef225a682dff5dc9"
"snapshots\current_exact\ReferenceMass.lean","4484","b77e00ab3cf236edc143fa963aba362a8279f2ca6caecaf5277726fac0c91607"
"snapshots\current_exact\routeB_fourier_mass_full_rational.csv","21082","a986a208b62f585c6ca1b9c81b958710d2043e5bf786ddc930a6fa29f7a232b8"
"snapshots\current_exact\routeB_fourier_potential_rational.csv","614","4ebbb10e32639f54b18f259cbb762c04f2be842a856cae85e1fe94dad5478b6c"
"snapshots\original_target\dhport_lib.jl","3832","aebe6db09b2d943448c5d701631109dba8f5eeb070cc66593e5dbaca26485936"
"snapshots\original_target\routeB_analytic_fourier_dynamics_probe.py","10098","a340d353f326b12a43564e5f0d45723a433611914038219e9e92d57fe177a9ce"
"snapshots\original_target\routeB_export_traj.jl","9297","35ebe806a46273068af1af937c0c0152378d6889024ec5586bf3c7aabd30eccf"
"snapshots\original_target\routeB_fourier_mass_full_rational.csv","21082","a986a208b62f585c6ca1b9c81b958710d2043e5bf786ddc930a6fa29f7a232b8"
"snapshots\original_target\routeB_fourier_potential_rational.csv","614","4ebbb10e32639f54b18f259cbb762c04f2be842a856cae85e1fe94dad5478b6c"
"snapshots\original_target\routeB_fourier_rational_probe.py","6735","9460181770e47be0ecbde43a8a29ef285da1168c3121fab18d5378c671401a7b"
"snapshots\original_target\routeB_Mq_M0.csv","654","28d98ad71d1d6c2cbe830872cad9077f2f7b4e2d932794217eb68868fd2e2b40"
"snapshots\original_target\routeB_pmi_certificate.jl","34396","235f4876ed1a3343f6d84f83c0079b4d279886585dc36aeb55b9fc0289177a77"
