body,row,col,nu1,nu2,nu3,nu4,nu5,nu6,real_num,real_den,imag_num,imag_den
6,1,1,0,-2,-2,-2,-2,0,-147,51200000,0,1
6,1,1,0,-2,-2,-2,0,0,147,25600000,0,1
6,1,1,0,-2,-2,-2,2,0,-147,51200000,0,1
6,1,1,0,-2,-2,-1,-2,0,-147,12800000,0,1
6,1,1,0,-2,-2,-1,-1,0,-399,3200000,0,1
6,1,1,0,-2,-2,-1,1,0,399,3200000,0,1
6,1,1,0,-2,-2,-1,2,0,147,12800000,0,1
6,1,1,0,-2,-2,0,-2,0,-441,25600000,0,1
6,1,1,0,-2,-2,0,-1,0,-399,1600000,0,1
6,1,1,0,-2,-2,0,0,0,-699,512000,0,1
6,1,1,0,-2,-2,0,1,0,-399,1600000,0,1
6,1,1,0,-2,-2,0,2,0,-441,25600000,0,1
6,1,1,0,-2,-2,1,-2,0,-147,12800000,0,1
6,1,1,0,-2,-2,1,-1,0,-399,3200000,0,1
6,1,1,0,-2,-2,1,1,0,399,3200000,0,1
6,1,1,0,-2,-2,1,2,0,147,12800000,0,1
6,1,1,0,-2,-2,2,-2,0,-147,51200000,0,1
6,1,1,0,-2,-2,2,0,0,147,25600000,0,1
6,1,1,0,-2,-2,2,2,0,-147,51200000,0,1
6,1,1,0,-2,-1,-1,-1,0,-441,3200000,0,1
6,1,1,0,-2,-1,-1,1,0,441,3200000,0,1
6,1,1,0,-2,-1,0,-1,0,-441,1600000,0,1
6,1,1,0,-2,-1,0,0,0,-1197,400000,0,1
6,1,1,0,-2,-1,0,1,0,-441,1600000,0,1
6,1,1,0,-2,-1,1,-1,0,-441,3200000,0,1
6,1,1,0,-2,-1,1,1,0,441,3200000,0,1
6,1,1,0,-2,0,0,0,0,-1323,800000,0,1
6,1,1,0,-1,-1,-1,-1,0,0,1,21,200000
6,1,1,0,-1,-1,-1,1,0,0,1,-21,200000
6,1,1,0,-1,-1,0,-1,0,0,1,21,100000
6,1,1,0,-1,-1,0,0,0,0,1,57,25000
6,1,1,0,-1,-1,0,1,0,0,1,21,100000
6,1,1,0,-1,-1,1,-1,0,0,1,21,200000
6,1,1,0,-1,-1,1,1,0,0,1,-21,200000
6,1,1,0,-1,0,0,0,0,0,1,63,25000
6,1,1,0,0,-1,-1,-1,0,441,3200000,0,1
6,1,1,0,0,-1,-1,1,0,-441,3200000,0,1
6,1,1,0,0,-1,0,-1,0,441,1600000,0,1
6,1,1,0,0,-1,0,0,0,1197,400000,0,1
6,1,1,0,0,-1,0,1,0,441,1600000,0,1
6,1,1,0,0,-1,1,-1,0,441,3200000,0,1
6,1,1,0,0,-1,1,1,0,-441,3200000,0,1
6,1,1,0,0,0,-2,-2,0,147,25600000,0,1
6,1,1,0,0,0,-2,0,0,-147,12800000,0,1
6,1,1,0,0,0,-2,2,0,147,25600000,0,1
6,1,1,0,0,0,-1,-1,0,-21,160000,0,1
6,1,1,0,0,0,-1,1,0,21,160000,0,1
6,1,1,0,0,0,0,-2,0,-147,12800000,0,1
6,1,1,0,0,0,0,-1,0,399,800000,0,1
6,1,1,0,0,0,0,0,0,18533,768000,0,1
6,1,1,0,0,0,0,1,0,399,800000,0,1
6,1,1,0,0,0,0,2,0,-147,12800000,0,1
6,1,1,0,0,0,1,-1,0,21,160000,0,1
6,1,1,0,0,0,1,1,0,-21,160000,0,1
6,1,1,0,0,0,2,-2,0,147,25600000,0,1
6,1,1,0,0,0,2,0,0,-147,12800000,0,1
6,1,1,0,0,0,2,2,0,147,25600000,0,1
6,1,1,0,0,1,-1,-1,0,-441,3200000,0,1
6,1,1,0,0,1,-1,1,0,441,3200000,0,1
6,1,1,0,0,1,0,-1,0,441,1600000,0,1
6,1,1,0,0,1,0,0,0,1197,400000,0,1
6,1,1,0,0,1,0,1,0,441,1600000,0,1
6,1,1,0,0,1,1,-1,0,-441,3200000,0,1
6,1,1,0,0,1,1,1,0,441,3200000,0,1
6,1,1,0,1,0,0,0,0,0,1,-63,25000
6,1,1,0,1,1,-1,-1,0,0,1,21,200000
6,1,1,0,1,1,-1,1,0,0,1,-21,200000
6,1,1,0,1,1,0,-1,0,0,1,-21,100000
6,1,1,0,1,1,0,0,0,0,1,-57,25000
6,1,1,0,1,1,0,1,0,0,1,-21,100000
6,1,1,0,1,1,1,-1,0,0,1,21,200000
6,1,1,0,1,1,1,1,0,0,1,-21,200000
6,1,1,0,2,0,0,0,0,-1323,800000,0,1
6,1,1,0,2,1,-1,-1,0,441,3200000,0,1
6,1,1,0,2,1,-1,1,0,-441,3200000,0,1
6,1,1,0,2,1,0,-1,0,-441,1600000,0,1
6,1,1,0,2,1,0,0,0,-1197,400000,0,1
6,1,1,0,2,1,0,1,0,-441,1600000,0,1
6,1,1,0,2,1,1,-1,0,441,3200000,0,1
6,1,1,0,2,1,1,1,0,-441,3200000,0,1
6,1,1,0,2,2,-2,-2,0,-147,51200000,0,1
6,1,1,0,2,2,-2,0,0,147,25600000,0,1
6,1,1,0,2,2,-2,2,0,-147,51200000,0,1
6,1,1,0,2,2,-1,-2,0,147,12800000,0,1
6,1,1,0,2,2,-1,-1,0,399,3200000,0,1
6,1,1,0,2,2,-1,1,0,-399,3200000,0,1
6,1,1,0,2,2,-1,2,0,-147,12800000,0,1
6,1,1,0,2,2,0,-2,0,-441,25600000,0,1
6,1,1,0,2,2,0,-1,0,-399,1600000,0,1
6,1,1,0,2,2,0,0,0,-699,512000,0,1
6,1,1,0,2,2,0,1,0,-399,1600000,0,1
6,1,1,0,2,2,0,2,0,-441,25600000,0,1
6,1,1,0,2,2,1,-2,0,147,12800000,0,1
6,1,1,0,2,2,1,-1,0,399,3200000,0,1
6,1,1,0,2,2,1,1,0,-399,3200000,0,1
6,1,1,0,2,2,1,2,0,-147,12800000,0,1
6,1,1,0,2,2,2,-2,0,-147,51200000,0,1
6,1,1,0,2,2,2,0,0,147,25600000,0,1
6,1,1,0,2,2,2,2,0,-147,51200000,0,1
6,1,2,0,-1,-1,-2,-2,0,147,25600000,0,1
6,1,2,0,-1,-1,-2,0,0,-147,12800000,0,1
6,1,2,0,-1,-1,-2,2,0,147,25600000,0,1
6,1,2,0,-1,-1,-1,-2,0,147,12800000,0,1
6,1,2,0,-1,-1,-1,-1,0,147,1600000,0,1
6,1,2,0,-1,-1,-1,1,0,-147,1600000,0,1
6,1,2,0,-1,-1,-1,2,0,-147,12800000,0,1
6,1,2,0,-1,-1,0,-1,0,-21,320000,0,1
6,1,2,0,-1,-1,0,0,0,-57,80000,0,1
6,1,2,0,-1,-1,0,1,0,-21,320000,0,1
6,1,2,0,-1,-1,1,-2,0,-147,12800000,0,1
6,1,2,0,-1,-1,1,-1,0,-63,400000,0,1
6,1,2,0,-1,-1,1,1,0,63,400000,0,1
6,1,2,0,-1,-1,1,2,0,147,12800000,0,1
6,1,2,0,-1,-1,2,-2,0,-147,25600000,0,1
6,1,2,0,-1,-1,2,0,0,147,12800000,0,1
6,1,2,0,-1,-1,2,2,0,-147,25600000,0,1
6,1,2,0,-1,0,-1,-1,0,441,3200000,0,1
6,1,2,0,-1,0,-1,1,0,-441,3200000,0,1
6,1,2,0,-1,0,0,0,0,-63,80000,0,1
6,1,2,0,-1,0,1,-1,0,-441,3200000,0,1
6,1,2,0,-1,0,1,1,0,441,3200000,0,1
6,1,2,0,1,0,-1,-1,0,441,3200000,0,1
6,1,2,0,1,0,-1,1,0,-441,3200000,0,1
6,1,2,0,1,0,0,0,0,-63,80000,0,1
6,1,2,0,1,0,1,-1,0,-441,3200000,0,1
6,1,2,0,1,0,1,1,0,441,3200000,0,1
6,1,2,0,1,1,-2,-2,0,-147,25600000,0,1
6,1,2,0,1,1,-2,0,0,147,12800000,0,1
6,1,2,0,1,1,-2,2,0,-147,25600000,0,1
6,1,2,0,1,1,-1,-2,0,147,12800000,0,1
6,1,2,0,1,1,-1,-1,0,63,400000,0,1
6,1,2,0,1,1,-1,1,0,-63,400000,0,1
6,1,2,0,1,1,-1,2,0,-147,12800000,0,1
6,1,2,0,1,1,0,-1,0,-21,320000,0,1
6,1,2,0,1,1,0,0,0,-57,80000,0,1
6,1,2,0,1,1,0,1,0,-21,320000,0,1
6,1,2,0,1,1,1,-2,0,-147,12800000,0,1
6,1,2,0,1,1,1,-1,0,-147,1600000,0,1
6,1,2,0,1,1,1,1,0,147,1600000,0,1
6,1,2,0,1,1,1,2,0,147,12800000,0,1
6,1,2,0,1,1,2,-2,0,147,25600000,0,1
6,1,2,0,1,1,2,0,0,-147,12800000,0,1
6,1,2,0,1,1,2,2,0,147,25600000,0,1
6,1,3,0,-1,-1,-2,-2,0,147,25600000,0,1
6,1,3,0,-1,-1,-2,0,0,-147,12800000,0,1
6,1,3,0,-1,-1,-2,2,0,147,25600000,0,1
6,1,3,0,-1,-1,-1,-2,0,147,12800000,0,1
6,1,3,0,-1,-1,-1,-1,0,147,1600000,0,1
6,1,3,0,-1,-1,-1,1,0,-147,1600000,0,1
6,1,3,0,-1,-1,-1,2,0,-147,12800000,0,1
6,1,3,0,-1,-1,0,-1,0,-21,320000,0,1
6,1,3,0,-1,-1,0,0,0,-57,80000,0,1
6,1,3,0,-1,-1,0,1,0,-21,320000,0,1
6,1,3,0,-1,-1,1,-2,0,-147,12800000,0,1
6,1,3,0,-1,-1,1,-1,0,-63,400000,0,1
6,1,3,0,-1,-1,1,1,0,63,400000,0,1
6,1,3,0,-1,-1,1,2,0,147,12800000,0,1
6,1,3,0,-1,-1,2,-2,0,-147,25600000,0,1
6,1,3,0,-1,-1,2,0,0,147,12800000,0,1
6,1,3,0,-1,-1,2,2,0,-147,25600000,0,1
6,1,3,0,1,1,-2,-2,0,-147,25600000,0,1
6,1,3,0,1,1,-2,0,0,147,12800000,0,1
6,1,3,0,1,1,-2,2,0,-147,25600000,0,1
6,1,3,0,1,1,-1,-2,0,147,12800000,0,1
6,1,3,0,1,1,-1,-1,0,63,400000,0,1
6,1,3,0,1,1,-1,1,0,-63,400000,0,1
6,1,3,0,1,1,-1,2,0,-147,12800000,0,1
6,1,3,0,1,1,0,-1,0,-21,320000,0,1
6,1,3,0,1,1,0,0,0,-57,80000,0,1
6,1,3,0,1,1,0,1,0,-21,320000,0,1
6,1,3,0,1,1,1,-2,0,-147,12800000,0,1
6,1,3,0,1,1,1,-1,0,-147,1600000,0,1
6,1,3,0,1,1,1,1,0,147,1600000,0,1
6,1,3,0,1,1,1,2,0,147,12800000,0,1
6,1,3,0,1,1,2,-2,0,147,25600000,0,1
6,1,3,0,1,1,2,0,0,-147,12800000,0,1
6,1,3,0,1,1,2,2,0,147,25600000,0,1
6,1,4,0,-1,-1,-1,-2,0,-147,12800000,0,1
6,1,4,0,-1,-1,-1,-1,0,-63,400000,0,1
6,1,4,0,-1,-1,-1,1,0,63,400000,0,1
6,1,4,0,-1,-1,-1,2,0,147,12800000,0,1
6,1,4,0,-1,-1,0,-2,0,-147,6400000,0,1
6,1,4,0,-1,-1,0,0,0,80441,9600000,0,1
6,1,4,0,-1,-1,0,2,0,-147,6400000,0,1
6,1,4,0,-1,-1,1,-2,0,-147,12800000,0,1
6,1,4,0,-1,-1,1,-1,0,-147,1600000,0,1
6,1,4,0,-1,-1,1,1,0,147,1600000,0,1
6,1,4,0,-1,-1,1,2,0,147,12800000,0,1
6,1,4,0,-1,0,-1,-1,0,-441,3200000,0,1
6,1,4,0,-1,0,-1,1,0,441,3200000,0,1
6,1,4,0,-1,0,1,-1,0,-441,3200000,0,1
6,1,4,0,-1,0,1,1,0,441,3200000,0,1
6,1,4,0,0,0,-1,-1,0,0,1,21,200000
6,1,4,0,0,0,-1,1,0,0,1,-21,200000
6,1,4,0,0,0,1,-1,0,0,1,21,200000
6,1,4,0,0,0,1,1,0,0,1,-21,200000
6,1,4,0,1,0,-1,-1,0,441,3200000,0,1
6,1,4,0,1,0,-1,1,0,-441,3200000,0,1
6,1,4,0,1,0,1,-1,0,441,3200000,0,1
6,1,4,0,1,0,1,1,0,-441,3200000,0,1
6,1,4,0,1,1,-1,-2,0,147,12800000,0,1
6,1,4,0,1,1,-1,-1,0,147,1600000,0,1
6,1,4,0,1,1,-1,1,0,-147,1600000,0,1
6,1,4,0,1,1,-1,2,0,-147,12800000,0,1
6,1,4,0,1,1,0,-2,0,-147,6400000,0,1
6,1,4,0,1,1,0,0,0,80441,9600000,0,1
6,1,4,0,1,1,0,2,0,-147,6400000,0,1
6,1,4,0,1,1,1,-2,0,147,12800000,0,1
6,1,4,0,1,1,1,-1,0,63,400000,0,1
6,1,4,0,1,1,1,1,0,-63,400000,0,1
6,1,4,0,1,1,1,2,0,-147,12800000,0,1
6,1,5,0,-1,-1,-1,-1,0,-63,400000,0,1
6,1,5,0,-1,-1,-1,0,0,-40441,9600000,0,1
6,1,5,0,-1,-1,-1,1,0,-63,400000,0,1
6,1,5,0,-1,-1,0,-1,0,-21,320000,0,1
6,1,5,0,-1,-1,0,1,0,21,320000,0,1
6,1,5,0,-1,-1,1,-1,0,147,1600000,0,1
6,1,5,0,-1,-1,1,0,0,40441,9600000,0,1
6,1,5,0,-1,-1,1,1,0,147,1600000,0,1
6,1,5,0,-1,0,-1,-1,0,-441,3200000,0,1
6,1,5,0,-1,0,-1,1,0,-441,3200000,0,1
6,1,5,0,-1,0,1,-1,0,441,3200000,0,1
6,1,5,0,-1,0,1,1,0,441,3200000,0,1
6,1,5,0,0,0,-1,-1,0,0,1,21,200000
6,1,5,0,0,0,-1,1,0,0,1,21,200000
6,1,5,0,0,0,1,-1,0,0,1,-21,200000
6,1,5,0,0,0,1,1,0,0,1,-21,200000
6,1,5,0,1,0,-1,-1,0,441,3200000,0,1
6,1,5,0,1,0,-1,1,0,441,3200000,0,1
6,1,5,0,1,0,1,-1,0,-441,3200000,0,1
6,1,5,0,1,0,1,1,0,-441,3200000,0,1
6,1,5,0,1,1,-1,-1,0,147,1600000,0,1
6,1,5,0,1,1,-1,0,0,40441,9600000,0,1
6,1,5,0,1,1,-1,1,0,147,1600000,0,1
6,1,5,0,1,1,0,-1,0,21,320000,0,1
6,1,5,0,1,1,0,1,0,-21,320000,0,1
6,1,5,0,1,1,1,-1,0,-63,400000,0,1
6,1,5,0,1,1,1,0,0,-40441,9600000,0,1
6,1,5,0,1,1,1,1,0,-63,400000,0,1
6,1,6,0,-1,-1,-1,-1,0,1,480,0,1
6,1,6,0,-1,-1,-1,1,0,-1,480,0,1
6,1,6,0,-1,-1,0,-1,0,1,240,0,1
6,1,6,0,-1,-1,0,1,0,1,240,0,1
6,1,6,0,-1,-1,1,-1,0,1,480,0,1
6,1,6,0,-1,-1,1,1,0,-1,480,0,1
6,1,6,0,1,1,-1,-1,0,-1,480,0,1
6,1,6,0,1,1,-1,1,0,1,480,0,1
6,1,6,0,1,1,0,-1,0,1,240,0,1
6,1,6,0,1,1,0,1,0,1,240,0,1
6,1,6,0,1,1,1,-1,0,-1,480,0,1
6,1,6,0,1,1,1,1,0,1,480,0,1
6,2,1,0,-1,-1,-2,-2,0,147,25600000,0,1
6,2,1,0,-1,-1,-2,0,0,-147,12800000,0,1
6,2,1,0,-1,-1,-2,2,0,147,25600000,0,1
6,2,1,0,-1,-1,-1,-2,0,147,12800000,0,1
6,2,1,0,-1,-1,-1,-1,0,147,1600000,0,1
6,2,1,0,-1,-1,-1,1,0,-147,1600000,0,1
6,2,1,0,-1,-1,-1,2,0,-147,12800000,0,1
6,2,1,0,-1,-1,0,-1,0,-21,320000,0,1
6,2,1,0,-1,-1,0,0,0,-57,80000,0,1
6,2,1,0,-1,-1,0,1,0,-21,320000,0,1
6,2,1,0,-1,-1,1,-2,0,-147,12800000,0,1
6,2,1,0,-1,-1,1,-1,0,-63,400000,0,1
6,2,1,0,-1,-1,1,1,0,63,400000,0,1
6,2,1,0,-1,-1,1,2,0,147,12800000,0,1
6,2,1,0,-1,-1,2,-2,0,-147,25600000,0,1
6,2,1,0,-1,-1,2,0,0,147,12800000,0,1
6,2,1,0,-1,-1,2,2,0,-147,25600000,0,1
6,2,1,0,-1,0,-1,-1,0,441,3200000,0,1
6,2,1,0,-1,0,-1,1,0,-441,3200000,0,1
6,2,1,0,-1,0,0,0,0,-63,80000,0,1
6,2,1,0,-1,0,1,-1,0,-441,3200000,0,1
6,2,1,0,-1,0,1,1,0,441,3200000,0,1
6,2,1,0,1,0,-1,-1,0,441,3200000,0,1
6,2,1,0,1,0,-1,1,0,-441,3200000,0,1
6,2,1,0,1,0,0,0,0,-63,80000,0,1
6,2,1,0,1,0,1,-1,0,-441,3200000,0,1
6,2,1,0,1,0,1,1,0,441,3200000,0,1
6,2,1,0,1,1,-2,-2,0,-147,25600000,0,1
6,2,1,0,1,1,-2,0,0,147,12800000,0,1
6,2,1,0,1,1,-2,2,0,-147,25600000,0,1
6,2,1,0,1,1,-1,-2,0,147,12800000,0,1
6,2,1,0,1,1,-1,-1,0,63,400000,0,1
6,2,1,0,1,1,-1,1,0,-63,400000,0,1
6,2,1,0,1,1,-1,2,0,-147,12800000,0,1
6,2,1,0,1,1,0,-1,0,-21,320000,0,1
6,2,1,0,1,1,0,0,0,-57,80000,0,1
6,2,1,0,1,1,0,1,0,-21,320000,0,1
6,2,1,0,1,1,1,-2,0,-147,12800000,0,1
6,2,1,0,1,1,1,-1,0,-147,1600000,0,1
6,2,1,0,1,1,1,1,0,147,1600000,0,1
6,2,1,0,1,1,1,2,0,147,12800000,0,1
6,2,1,0,1,1,2,-2,0,147,25600000,0,1
6,2,1,0,1,1,2,0,0,-147,12800000,0,1
6,2,1,0,1,1,2,2,0,147,25600000,0,1
6,2,2,0,0,-1,-1,-1,0,441,1600000,0,1
6,2,2,0,0,-1,-1,1,0,-441,1600000,0,1
6,2,2,0,0,-1,0,-1,0,441,800000,0,1
6,2,2,0,0,-1,0,0,0,1197,200000,0,1
6,2,2,0,0,-1,0,1,0,441,800000,0,1
6,2,2,0,0,-1,1,-1,0,441,1600000,0,1
6,2,2,0,0,-1,1,1,0,-441,1600000,0,1
6,2,2,0,0,0,-2,-2,0,-147,12800000,0,1
6,2,2,0,0,0,-2,0,0,147,6400000,0,1
6,2,2,0,0,0,-2,2,0,-147,12800000,0,1
6,2,2,0,0,0,0,-2,0,147,6400000,0,1
6,2,2,0,0,0,0,-1,0,399,400000,0,1
6,2,2,0,0,0,0,0,0,276811,9600000,0,1
6,2,2,0,0,0,0,1,0,399,400000,0,1
6,2,2,0,0,0,0,2,0,147,6400000,0,1
6,2,2,0,0,0,2,-2,0,-147,12800000,0,1
6,2,2,0,0,0,2,0,0,147,6400000,0,1
6,2,2,0,0,0,2,2,0,-147,12800000,0,1
6,2,2,0,0,1,-1,-1,0,-441,1600000,0,1
6,2,2,0,0,1,-1,1,0,441,1600000,0,1
6,2,2,0,0,1,0,-1,0,441,800000,0,1
6,2,2,0,0,1,0,0,0,1197,200000,0,1
6,2,2,0,0,1,0,1,0,441,800000,0,1
6,2,2,0,0,1,1,-1,0,-441,1600000,0,1
6,2,2,0,0,1,1,1,0,441,1600000,0,1
6,2,3,0,0,-1,-1,-1,0,441,3200000,0,1
6,2,3,0,0,-1,-1,1,0,-441,3200000,0,1
6,2,3,0,0,-1,0,-1,0,441,1600000,0,1
6,2,3,0,0,-1,0,0,0,1197,400000,0,1
6,2,3,0,0,-1,0,1,0,441,1600000,0,1
6,2,3,0,0,-1,1,-1,0,441,3200000,0,1
6,2,3,0,0,-1,1,1,0,-441,3200000,0,1
6,2,3,0,0,0,-2,-2,0,-147,12800000,0,1
6,2,3,0,0,0,-2,0,0,147,6400000,0,1
6,2,3,0,0,0,-2,2,0,-147,12800000,0,1
6,2,3,0,0,0,0,-2,0,147,6400000,0,1
6,2,3,0,0,0,0,-1,0,399,400000,0,1
6,2,3,0,0,0,0,0,0,213307,9600000,0,1
6,2,3,0,0,0,0,1,0,399,400000,0,1
6,2,3,0,0,0,0,2,0,147,6400000,0,1
6,2,3,0,0,0,2,-2,0,-147,12800000,0,1
6,2,3,0,0,0,2,0,0,147,6400000,0,1
6,2,3,0,0,0,2,2,0,-147,12800000,0,1
6,2,3,0,0,1,-1,-1,0,-441,3200000,0,1
6,2,3,0,0,1,-1,1,0,441,3200000,0,1
6,2,3,0,0,1,0,-1,0,441,1600000,0,1
6,2,3,0,0,1,0,0,0,1197,400000,0,1
6,2,3,0,0,1,0,1,0,441,1600000,0,1
6,2,3,0,0,1,1,-1,0,-441,3200000,0,1
6,2,3,0,0,1,1,1,0,441,3200000,0,1
6,2,4,0,0,-1,-1,-1,0,441,3200000,0,1
6,2,4,0,0,-1,-1,1,0,-441,3200000,0,1
6,2,4,0,0,-1,1,-1,0,-441,3200000,0,1
6,2,4,0,0,-1,1,1,0,441,3200000,0,1
6,2,4,0,0,0,-1,-2,0,147,6400000,0,1
6,2,4,0,0,0,-1,-1,0,399,1600000,0,1
6,2,4,0,0,0,-1,1,0,-399,1600000,0,1
6,2,4,0,0,0,-1,2,0,-147,6400000,0,1
6,2,4,0,0,0,1,-2,0,-147,6400000,0,1
6,2,4,0,0,0,1,-1,0,-399,1600000,0,1
6,2,4,0,0,0,1,1,0,399,1600000,0,1
6,2,4,0,0,0,1,2,0,147,6400000,0,1
6,2,4,0,0,1,-1,-1,0,441,3200000,0,1
6,2,4,0,0,1,-1,1,0,-441,3200000,0,1
6,2,4,0,0,1,1,-1,0,-441,3200000,0,1
6,2,4,0,0,1,1,1,0,441,3200000,0,1
6,2,5,0,0,-1,-1,-1,0,441,3200000,0,1
6,2,5,0,0,-1,-1,1,0,441,3200000,0,1
6,2,5,0,0,-1,0,-1,0,441,1600000,0,1
6,2,5,0,0,-1,0,1,0,-441,1600000,0,1
6,2,5,0,0,-1,1,-1,0,441,3200000,0,1
6,2,5,0,0,-1,1,1,0,441,3200000,0,1
6,2,5,0,0,0,-1,-1,0,399,1600000,0,1
6,2,5,0,0,0,-1,0,0,40441,4800000,0,1
6,2,5,0,0,0,-1,1,0,399,1600000,0,1
6,2,5,0,0,0,1,-1,0,399,1600000,0,1
6,2,5,0,0,0,1,0,0,40441,4800000,0,1
6,2,5,0,0,0,1,1,0,399,1600000,0,1
6,2,5,0,0,1,-1,-1,0,441,3200000,0,1
6,2,5,0,0,1,-1,1,0,441,3200000,0,1
6,2,5,0,0,1,0,-1,0,-441,1600000,0,1
6,2,5,0,0,1,0,1,0,441,1600000,0,1
6,2,5,0,0,1,1,-1,0,441,3200000,0,1
6,2,5,0,0,1,1,1,0,441,3200000,0,1
6,2,6,0,0,0,-1,-1,0,-1,240,0,1
6,2,6,0,0,0,-1,1,0,1,240,0,1
6,2,6,0,0,0,1,-1,0,1,240,0,1
6,2,6,0,0,0,1,1,0,-1,240,0,1
6,3,1,0,-1,-1,-2,-2,0,147,25600000,0,1
6,3,1,0,-1,-1,-2,0,0,-147,12800000,0,1
6,3,1,0,-1,-1,-2,2,0,147,25600000,0,1
6,3,1,0,-1,-1,-1,-2,0,147,12800000,0,1
6,3,1,0,-1,-1,-1,-1,0,147,1600000,0,1
6,3,1,0,-1,-1,-1,1,0,-147,1600000,0,1
6,3,1,0,-1,-1,-1,2,0,-147,12800000,0,1
6,3,1,0,-1,-1,0,-1,0,-21,320000,0,1
6,3,1,0,-1,-1,0,0,0,-57,80000,0,1
6,3,1,0,-1,-1,0,1,0,-21,320000,0,1
6,3,1,0,-1,-1,1,-2,0,-147,12800000,0,1
6,3,1,0,-1,-1,1,-1,0,-63,400000,0,1
6,3,1,0,-1,-1,1,1,0,63,400000,0,1
6,3,1,0,-1,-1,1,2,0,147,12800000,0,1
6,3,1,0,-1,-1,2,-2,0,-147,25600000,0,1
6,3,1,0,-1,-1,2,0,0,147,12800000,0,1
6,3,1,0,-1,-1,2,2,0,-147,25600000,0,1
6,3,1,0,1,1,-2,-2,0,-147,25600000,0,1
6,3,1,0,1,1,-2,0,0,147,12800000,0,1
6,3,1,0,1,1,-2,2,0,-147,25600000,0,1
6,3,1,0,1,1,-1,-2,0,147,12800000,0,1
6,3,1,0,1,1,-1,-1,0,63,400000,0,1
6,3,1,0,1,1,-1,1,0,-63,400000,0,1
6,3,1,0,1,1,-1,2,0,-147,12800000,0,1
6,3,1,0,1,1,0,-1,0,-21,320000,0,1
6,3,1,0,1,1,0,0,0,-57,80000,0,1
6,3,1,0,1,1,0,1,0,-21,320000,0,1
6,3,1,0,1,1,1,-2,0,-147,12800000,0,1
6,3,1,0,1,1,1,-1,0,-147,1600000,0,1
6,3,1,0,1,1,1,1,0,147,1600000,0,1
6,3,1,0,1,1,1,2,0,147,12800000,0,1
6,3,1,0,1,1,2,-2,0,147,25600000,0,1
6,3,1,0,1,1,2,0,0,-147,12800000,0,1
6,3,1,0,1,1,2,2,0,147,25600000,0,1
6,3,2,0,0,-1,-1,-1,0,441,3200000,0,1
6,3,2,0,0,-1,-1,1,0,-441,3200000,0,1
6,3,2,0,0,-1,0,-1,0,441,1600000,0,1
6,3,2,0,0,-1,0,0,0,1197,400000,0,1
6,3,2,0,0,-1,0,1,0,441,1600000,0,1
6,3,2,0,0,-1,1,-1,0,441,3200000,0,1
6,3,2,0,0,-1,1,1,0,-441,3200000,0,1
6,3,2,0,0,0,-2,-2,0,-147,12800000,0,1
6,3,2,0,0,0,-2,0,0,147,6400000,0,1
6,3,2,0,0,0,-2,2,0,-147,12800000,0,1
6,3,2,0,0,0,0,-2,0,147,6400000,0,1
6,3,2,0,0,0,0,-1,0,399,400000,0,1
6,3,2,0,0,0,0,0,0,213307,9600000,0,1
6,3,2,0,0,0,0,1,0,399,400000,0,1
6,3,2,0,0,0,0,2,0,147,6400000,0,1
6,3,2,0,0,0,2,-2,0,-147,12800000,0,1
6,3,2,0,0,0,2,0,0,147,6400000,0,1
6,3,2,0,0,0,2,2,0,-147,12800000,0,1
6,3,2,0,0,1,-1,-1,0,-441,3200000,0,1
6,3,2,0,0,1,-1,1,0,441,3200000,0,1
6,3,2,0,0,1,0,-1,0,441,1600000,0,1
6,3,2,0,0,1,0,0,0,1197,400000,0,1
6,3,2,0,0,1,0,1,0,441,1600000,0,1
6,3,2,0,0,1,1,-1,0,-441,3200000,0,1
6,3,2,0,0,1,1,1,0,441,3200000,0,1
6,3,3,0,0,0,-2,-2,0,-147,12800000,0,1
6,3,3,0,0,0,-2,0,0,147,6400000,0,1
6,3,3,0,0,0,-2,2,0,-147,12800000,0,1
6,3,3,0,0,0,0,-2,0,147,6400000,0,1
6,3,3,0,0,0,0,-1,0,399,400000,0,1
6,3,3,0,0,0,0,0,0,213307,9600000,0,1
6,3,3,0,0,0,0,1,0,399,400000,0,1
6,3,3,0,0,0,0,2,0,147,6400000,0,1
6,3,3,0,0,0,2,-2,0,-147,12800000,0,1
6,3,3,0,0,0,2,0,0,147,6400000,0,1
6,3,3,0,0,0,2,2,0,-147,12800000,0,1
6,3,4,0,0,0,-1,-2,0,147,6400000,0,1
6,3,4,0,0,0,-1,-1,0,399,1600000,0,1
6,3,4,0,0,0,-1,1,0,-399,1600000,0,1
6,3,4,0,0,0,-1,2,0,-147,6400000,0,1
6,3,4,0,0,0,1,-2,0,-147,6400000,0,1
6,3,4,0,0,0,1,-1,0,-399,1600000,0,1
6,3,4,0,0,0,1,1,0,399,1600000,0,1
6,3,4,0,0,0,1,2,0,147,6400000,0,1
6,3,5,0,0,0,-1,-1,0,399,1600000,0,1
6,3,5,0,0,0,-1,0,0,40441,4800000,0,1
6,3,5,0,0,0,-1,1,0,399,1600000,0,1
6,3,5,0,0,0,1,-1,0,399,1600000,0,1
6,3,5,0,0,0,1,0,0,40441,4800000,0,1
6,3,5,0,0,0,1,1,0,399,1600000,0,1
6,3,6,0,0,0,-1,-1,0,-1,240,0,1
6,3,6,0,0,0,-1,1,0,1,240,0,1
6,3,6,0,0,0,1,-1,0,1,240,0,1
6,3,6,0,0,0,1,1,0,-1,240,0,1
6,4,1,0,-1,-1,-1,-2,0,-147,12800000,0,1
6,4,1,0,-1,-1,-1,-1,0,-63,400000,0,1
6,4,1,0,-1,-1,-1,1,0,63,400000,0,1
6,4,1,0,-1,-1,-1,2,0,147,12800000,0,1
6,4,1,0,-1,-1,0,-2,0,-147,6400000,0,1
6,4,1,0,-1,-1,0,0,0,80441,9600000,0,1
6,4,1,0,-1,-1,0,2,0,-147,6400000,0,1
6,4,1,0,-1,-1,1,-2,0,-147,12800000,0,1
6,4,1,0,-1,-1,1,-1,0,-147,1600000,0,1
6,4,1,0,-1,-1,1,1,0,147,1600000,0,1
6,4,1,0,-1,-1,1,2,0,147,12800000,0,1
6,4,1,0,-1,0,-1,-1,0,-441,3200000,0,1
6,4,1,0,-1,0,-1,1,0,441,3200000,0,1
6,4,1,0,-1,0,1,-1,0,-441,3200000,0,1
6,4,1,0,-1,0,1,1,0,441,3200000,0,1
6,4,1,0,0,0,-1,-1,0,0,1,21,200000
6,4,1,0,0,0,-1,1,0,0,1,-21,200000
6,4,1,0,0,0,1,-1,0,0,1,21,200000
6,4,1,0,0,0,1,1,0,0,1,-21,200000
6,4,1,0,1,0,-1,-1,0,441,3200000,0,1
6,4,1,0,1,0,-1,1,0,-441,3200000,0,1
6,4,1,0,1,0,1,-1,0,441,3200000,0,1
6,4,1,0,1,0,1,1,0,-441,3200000,0,1
6,4,1,0,1,1,-1,-2,0,147,12800000,0,1
6,4,1,0,1,1,-1,-1,0,147,1600000,0,1
6,4,1,0,1,1,-1,1,0,-147,1600000,0,1
6,4,1,0,1,1,-1,2,0,-147,12800000,0,1
6,4,1,0,1,1,0,-2,0,-147,6400000,0,1
6,4,1,0,1,1,0,0,0,80441,9600000,0,1
6,4,1,0,1,1,0,2,0,-147,6400000,0,1
6,4,1,0,1,1,1,-2,0,147,12800000,0,1
6,4,1,0,1,1,1,-1,0,63,400000,0,1
6,4,1,0,1,1,1,1,0,-63,400000,0,1
6,4,1,0,1,1,1,2,0,-147,12800000,0,1
6,4,2,0,0,-1,-1,-1,0,441,3200000,0,1
6,4,2,0,0,-1,-1,1,0,-441,3200000,0,1
6,4,2,0,0,-1,1,-1,0,-441,3200000,0,1
6,4,2,0,0,-1,1,1,0,441,3200000,0,1
6,4,2,0,0,0,-1,-2,0,147,6400000,0,1
6,4,2,0,0,0,-1,-1,0,399,1600000,0,1
6,4,2,0,0,0,-1,1,0,-399,1600000,0,1
6,4,2,0,0,0,-1,2,0,-147,6400000,0,1
6,4,2,0,0,0,1,-2,0,-147,6400000,0,1
6,4,2,0,0,0,1,-1,0,-399,1600000,0,1
6,4,2,0,0,0,1,1,0,399,1600000,0,1
6,4,2,0,0,0,1,2,0,147,6400000,0,1
6,4,2,0,0,1,-1,-1,0,441,3200000,0,1
6,4,2,0,0,1,-1,1,0,-441,3200000,0,1
6,4,2,0,0,1,1,-1,0,-441,3200000,0,1
6,4,2,0,0,1,1,1,0,441,3200000,0,1
6,4,3,0,0,0,-1,-2,0,147,6400000,0,1
6,4,3,0,0,0,-1,-1,0,399,1600000,0,1
6,4,3,0,0,0,-1,1,0,-399,1600000,0,1
6,4,3,0,0,0,-1,2,0,-147,6400000,0,1
6,4,3,0,0,0,1,-2,0,-147,6400000,0,1
6,4,3,0,0,0,1,-1,0,-399,1600000,0,1
6,4,3,0,0,0,1,1,0,399,1600000,0,1
6,4,3,0,0,0,1,2,0,147,6400000,0,1
6,4,4,0,0,0,0,-2,0,-147,3200000,0,1
6,4,4,0,0,0,0,0,0,80441,4800000,0,1
6,4,4,0,0,0,0,2,0,-147,3200000,0,1
6,4,6,0,0,0,0,-1,0,1,120,0,1
6,4,6,0,0,0,0,1,0,1,120,0,1
6,5,1,0,-1,-1,-1,-1,0,-63,400000,0,1
6,5,1,0,-1,-1,-1,0,0,-40441,9600000,0,1
6,5,1,0,-1,-1,-1,1,0,-63,400000,0,1
6,5,1,0,-1,-1,0,-1,0,-21,320000,0,1
6,5,1,0,-1,-1,0,1,0,21,320000,0,1
6,5,1,0,-1,-1,1,-1,0,147,1600000,0,1
6,5,1,0,-1,-1,1,0,0,40441,9600000,0,1
6,5,1,0,-1,-1,1,1,0,147,1600000,0,1
6,5,1,0,-1,0,-1,-1,0,-441,3200000,0,1
6,5,1,0,-1,0,-1,1,0,-441,3200000,0,1
6,5,1,0,-1,0,1,-1,0,441,3200000,0,1
6,5,1,0,-1,0,1,1,0,441,3200000,0,1
6,5,1,0,0,0,-1,-1,0,0,1,21,200000
6,5,1,0,0,0,-1,1,0,0,1,21,200000
6,5,1,0,0,0,1,-1,0,0,1,-21,200000
6,5,1,0,0,0,1,1,0,0,1,-21,200000
6,5,1,0,1,0,-1,-1,0,441,3200000,0,1
6,5,1,0,1,0,-1,1,0,441,3200000,0,1
6,5,1,0,1,0,1,-1,0,-441,3200000,0,1
6,5,1,0,1,0,1,1,0,-441,3200000,0,1
6,5,1,0,1,1,-1,-1,0,147,1600000,0,1
6,5,1,0,1,1,-1,0,0,40441,9600000,0,1
6,5,1,0,1,1,-1,1,0,147,1600000,0,1
6,5,1,0,1,1,0,-1,0,21,320000,0,1
6,5,1,0,1,1,0,1,0,-21,320000,0,1
6,5,1,0,1,1,1,-1,0,-63,400000,0,1
6,5,1,0,1,1,1,0,0,-40441,9600000,0,1
6,5,1,0,1,1,1,1,0,-63,400000,0,1
6,5,2,0,0,-1,-1,-1,0,441,3200000,0,1
6,5,2,0,0,-1,-1,1,0,441,3200000,0,1
6,5,2,0,0,-1,0,-1,0,441,1600000,0,1
6,5,2,0,0,-1,0,1,0,-441,1600000,0,1
6,5,2,0,0,-1,1,-1,0,441,3200000,0,1
6,5,2,0,0,-1,1,1,0,441,3200000,0,1
6,5,2,0,0,0,-1,-1,0,399,1600000,0,1
6,5,2,0,0,0,-1,0,0,40441,4800000,0,1
6,5,2,0,0,0,-1,1,0,399,1600000,0,1
6,5,2,0,0,0,1,-1,0,399,1600000,0,1
6,5,2,0,0,0,1,0,0,40441,4800000,0,1
6,5,2,0,0,0,1,1,0,399,1600000,0,1
6,5,2,0,0,1,-1,-1,0,441,3200000,0,1
6,5,2,0,0,1,-1,1,0,441,3200000,0,1
6,5,2,0,0,1,0,-1,0,-441,1600000,0,1
6,5,2,0,0,1,0,1,0,441,1600000,0,1
6,5,2,0,0,1,1,-1,0,441,3200000,0,1
6,5,2,0,0,1,1,1,0,441,3200000,0,1
6,5,3,0,0,0,-1,-1,0,399,1600000,0,1
6,5,3,0,0,0,-1,0,0,40441,4800000,0,1
6,5,3,0,0,0,-1,1,0,399,1600000,0,1
6,5,3,0,0,0,1,-1,0,399,1600000,0,1
6,5,3,0,0,0,1,0,0,40441,4800000,0,1
6,5,3,0,0,0,1,1,0,399,1600000,0,1
6,5,5,0,0,0,0,0,0,40441,2400000,0,1
6,6,1,0,-1,-1,-1,-1,0,1,480,0,1
6,6,1,0,-1,-1,-1,1,0,-1,480,0,1
6,6,1,0,-1,-1,0,-1,0,1,240,0,1
6,6,1,0,-1,-1,0,1,0,1,240,0,1
6,6,1,0,-1,-1,1,-1,0,1,480,0,1
6,6,1,0,-1,-1,1,1,0,-1,480,0,1
6,6,1,0,1,1,-1,-1,0,-1,480,0,1
6,6,1,0,1,1,-1,1,0,1,480,0,1
6,6,1,0,1,1,0,-1,0,1,240,0,1
6,6,1,0,1,1,0,1,0,1,240,0,1
6,6,1,0,1,1,1,-1,0,-1,480,0,1
6,6,1,0,1,1,1,1,0,1,480,0,1
6,6,2,0,0,0,-1,-1,0,-1,240,0,1
6,6,2,0,0,0,-1,1,0,1,240,0,1
6,6,2,0,0,0,1,-1,0,1,240,0,1
6,6,2,0,0,0,1,1,0,-1,240,0,1
6,6,3,0,0,0,-1,-1,0,-1,240,0,1
6,6,3,0,0,0,-1,1,0,1,240,0,1
6,6,3,0,0,0,1,-1,0,1,240,0,1
6,6,3,0,0,0,1,1,0,-1,240,0,1
6,6,4,0,0,0,0,-1,0,1,120,0,1
6,6,4,0,0,0,0,1,0,1,120,0,1
6,6,6,0,0,0,0,0,0,1,60,0,1
